timestamp,message,logStreamName
1753419191935,"Flag --skip-version-check has been deprecated, ""skip-version-check"" is deprecated. Use ""disable-telemetry"" instead",opa-server-logs/dev-opa-server-container/0c1ca2e89a2c46d6a02b0c7fbead88c6
1753419191938,"{""addrs"":[""0.0.0.0:8181""],""diagnostic-addrs"":[],""level"":""info"",""msg"":""Initializing server."",""time"":""2025-07-25T04:53:11Z""}",opa-server-logs/dev-opa-server-container/0c1ca2e89a2c46d6a02b0c7fbead88c6
1753419191938,"{""level"":""warning"",""msg"":""OPA running with uid or gid 0. Running OPA with root privileges is not recommended."",""time"":""2025-07-25T04:53:11Z""}",opa-server-logs/dev-opa-server-container/0c1ca2e89a2c46d6a02b0c7fbead88c6
1753419201728,/usr/local/lib/python3.12/site-packages/snowflake/snowpark/session.py:36: UserWarning: pkg_resources is deprecated as an API. See https://setuptools.pypa.io/en/latest/pkg_resources.html. The pkg_resources package is slated for removal as early as 2025-11-30. Refrain from using this package or pin to Setuptools<81.,mcp-snowflake-app/dev-mcp-snowflake-app-container/2b8fca16bbaa4210a03011338af89101
1753419201728,  import pkg_resources,mcp-snowflake-app/dev-mcp-snowflake-app-container/2b8fca16bbaa4210a03011338af89101
1753419201755,"<frozen runpy>:128: RuntimeWarning: 'src.mcp_snowflake_server.main' found in sys.modules after import of package 'src.mcp_snowflake_server', but prior to execution of 'src.mcp_snowflake_server.main'; this may result in unpredictable behaviour",mcp-snowflake-app/dev-mcp-snowflake-app-container/2b8fca16bbaa4210a03011338af89101
1753419201913,"2025-07-25 04:53:21,913 - main - INFO - Successfully retrieved secret from AWS Secrets Manager: /tlx/genai/8a488489887a8d360188bdb6ed9c2a84/snowflake_user",mcp-snowflake-app/dev-mcp-snowflake-app-container/2b8fca16bbaa4210a03011338af89101
1753419201914,"2025-07-25 04:53:21,914 - main - INFO - ‚úÖ Retrieved SNOWFLAKE_USER from AWS Secrets Manager: MCP_DEMO_USER",mcp-snowflake-app/dev-mcp-snowflake-app-container/2b8fca16bbaa4210a03011338af89101
1753419201986,"<frozen runpy>:128: RuntimeWarning: 'src.mcp_tlx_server.main' found in sys.modules after import of package 'src.mcp_tlx_server', but prior to execution of 'src.mcp_tlx_server.main'; this may result in unpredictable behaviour",mcp-server-app/dev-mcp-server-app-container/63f9d62edbe04a58afa33f948bde9fdc
1753419202073,"2025-07-25 04:53:22,073 - main - INFO - Successfully retrieved secret from AWS Secrets Manager: /tlx/genai/8a488489887a8d360188bdb6ed9c2a84/snowflake_password",mcp-snowflake-app/dev-mcp-snowflake-app-container/2b8fca16bbaa4210a03011338af89101
1753419202074,"2025-07-25 04:53:22,074 - main - INFO - ‚úÖ Retrieved SNOWFLAKE_PASSWORD from AWS Secrets Manager: t7WcgPiYthcmn8N",mcp-snowflake-app/dev-mcp-snowflake-app-container/2b8fca16bbaa4210a03011338af89101
1753419202075,"2025-07-25 04:53:22,075 - main - INFO - üîç connection_args_from_env: {'account': 'aqb89107', 'role': 'GEN_AI', 'warehouse': 'TLX_GENAI_WAREHOUSE', 'database': 'HEALTH_CARE', 'schema': 'BILLING_INFO', 'user': 'MCP_DEMO_USER', 'password': 't7WcgPiYthcmn8N'}",mcp-snowflake-app/dev-mcp-snowflake-app-container/2b8fca16bbaa4210a03011338af89101
1753419202075,"2025-07-25 04:53:22,075 - main - INFO - üîç connection_args (CLI): {}",mcp-snowflake-app/dev-mcp-snowflake-app-container/2b8fca16bbaa4210a03011338af89101
1753419202075,"2025-07-25 04:53:22,075 - mcp_snowflake_server - INFO - Starting Snowflake MCP Server",mcp-snowflake-app/dev-mcp-snowflake-app-container/2b8fca16bbaa4210a03011338af89101
1753419202076,"2025-07-25 04:53:22,075 - mcp_snowflake_server - INFO - Allow write operations: False",mcp-snowflake-app/dev-mcp-snowflake-app-container/2b8fca16bbaa4210a03011338af89101
1753419202076,"2025-07-25 04:53:22,076 - mcp_snowflake_server - INFO - Prefetch table descriptions: False",mcp-snowflake-app/dev-mcp-snowflake-app-container/2b8fca16bbaa4210a03011338af89101
1753419202076,"2025-07-25 04:53:22,076 - mcp_snowflake_server - INFO - Excluded tools: []",mcp-snowflake-app/dev-mcp-snowflake-app-container/2b8fca16bbaa4210a03011338af89101
1753419202076,"2025-07-25 04:53:22,076 - mcp_snowflake_server - ERROR - Error loading configuration file: [Errno 2] No such file or directory: 'runtime_config.json'",mcp-snowflake-app/dev-mcp-snowflake-app-container/2b8fca16bbaa4210a03011338af89101
1753419202076,"2025-07-25 04:53:22,076 - mcp_snowflake_server - INFO - Exclusion patterns: {'databases': [], 'schemas': [], 'tables': []}",mcp-snowflake-app/dev-mcp-snowflake-app-container/2b8fca16bbaa4210a03011338af89101
1753419202076,"2025-07-25 04:53:22,076 - mcp_snowflake_server - INFO - üîó Snowflake connection configuration: {'account': 'aqb89107', 'role': 'GEN_AI', 'warehouse': 'TLX_GENAI_WAREHOUSE', 'database': 'HEALTH_CARE', 'schema': 'BILLING_INFO', 'user': 'MCP_DEMO_USER', 'password': 't7WcgPiYthcmn8N'}",mcp-snowflake-app/dev-mcp-snowflake-app-container/2b8fca16bbaa4210a03011338af89101
1753419202076,"2025-07-25 04:53:22,076 - mcp_snowflake_server - INFO - Allowed tools: ['list_databases', 'list_schemas', 'list_tables', 'describe_table', 'read_query']",mcp-snowflake-app/dev-mcp-snowflake-app-container/2b8fca16bbaa4210a03011338af89101
1753419202079,"2025-07-25 04:53:22,079 - mcp_snowflake_server - INFO -    üîó Attempting to connect to Snowflake",mcp-snowflake-app/dev-mcp-snowflake-app-container/2b8fca16bbaa4210a03011338af89101
1753419202079,"2025-07-25 04:53:22,079 - mcp_snowflake_server - INFO -    üìã Connection config: {'account': 'aqb89107', 'role': 'GEN_AI', 'warehouse': 'TLX_GENAI_WAREHOUSE', 'database': 'HEALTH_CARE', 'schema': 'BILLING_INFO', 'user': 'MCP_DEMO_USER', 'password': 't7WcgPiYthcmn8N'}",mcp-snowflake-app/dev-mcp-snowflake-app-container/2b8fca16bbaa4210a03011338af89101
1753419202130,04:53:22 | INFO     | main                  | Successfully retrieved secret from AWS Secrets Manager: /tlx/genai/2c9180837d03bbc0017d03bf5dc00001/tenant_user,mcp-server-app/dev-mcp-server-app-container/63f9d62edbe04a58afa33f948bde9fdc
1753419202131,04:53:22 | INFO     | main                  | ‚úÖ Retrieved TRUSTLOGIX_LOGIN_ID from AWS Secrets Manager: admin@acme.com,mcp-server-app/dev-mcp-server-app-container/63f9d62edbe04a58afa33f948bde9fdc
1753419202308,04:53:22 | INFO     | main                  | Successfully retrieved secret from AWS Secrets Manager: /tlx/genai/2c9180837d03bbc0017d03bf5dc00001/tenantpassword,mcp-server-app/dev-mcp-server-app-container/63f9d62edbe04a58afa33f948bde9fdc
1753419202309,04:53:22 | INFO     | main                  | ‚úÖ Retrieved TRUSTLOGIX_PASSWORD from AWS Secrets Manager: &z5lF91#f9AJ,mcp-server-app/dev-mcp-server-app-container/63f9d62edbe04a58afa33f948bde9fdc
1753419202310,"04:53:22 | INFO     | main                  | üîç connection_args_from_env: {'login_id': 'admin@acme.com', 'password': '&z5lF91#f9AJ'}",mcp-server-app/dev-mcp-server-app-container/63f9d62edbe04a58afa33f948bde9fdc
1753419202310,04:53:22 | INFO     | main                  | üîç connection_args (CLI): {},mcp-server-app/dev-mcp-server-app-container/63f9d62edbe04a58afa33f948bde9fdc
1753419202310,04:53:22 | INFO     | mcp_tlx_server            | Starting Trustlogix MCP Server,mcp-server-app/dev-mcp-server-app-container/63f9d62edbe04a58afa33f948bde9fdc
1753419202311,04:53:22 | INFO     | mcp_tlx_server            | Allow write operations: False,mcp-server-app/dev-mcp-server-app-container/63f9d62edbe04a58afa33f948bde9fdc
1753419202311,04:53:22 | INFO     | mcp_tlx_server            | Prefetch table descriptions: False,mcp-server-app/dev-mcp-server-app-container/63f9d62edbe04a58afa33f948bde9fdc
1753419202311,04:53:22 | INFO     | mcp_tlx_server            | Excluded tools: [],mcp-server-app/dev-mcp-server-app-container/63f9d62edbe04a58afa33f948bde9fdc
1753419202311,04:53:22 | ERROR    | mcp_tlx_server            | Error loading configuration file: [Errno 2] No such file or directory: 'runtime_config.json',mcp-server-app/dev-mcp-server-app-container/63f9d62edbe04a58afa33f948bde9fdc
1753419202311,04:53:22 | INFO     | mcp_tlx_server            | Beginning authentication with Trustlogix API,mcp-server-app/dev-mcp-server-app-container/63f9d62edbe04a58afa33f948bde9fdc
1753419202311,04:53:22 | INFO     | mcp_tlx_server            | üîê Authenticating with Trustlogix API at https://demo.trustlogix.io/api,mcp-server-app/dev-mcp-server-app-container/63f9d62edbe04a58afa33f948bde9fdc
1753419202632,04:53:22 | INFO     | mcp_tlx_server            | ‚úÖ Authentication successful for tenant: 2c9180837d03bbc0017d03bf5dc00001,mcp-server-app/dev-mcp-server-app-container/63f9d62edbe04a58afa33f948bde9fdc
1753419202633,04:53:22 | INFO     | mcp_tlx_server            | Authenticated with Trustlogix API,mcp-server-app/dev-mcp-server-app-container/63f9d62edbe04a58afa33f948bde9fdc
1753419202633,"04:53:22 | INFO     | mcp_tlx_server            | Allowed tools: ['list_accounts', 'reauthenticate', 'get_entitlements', 'check_permissions']",mcp-server-app/dev-mcp-server-app-container/63f9d62edbe04a58afa33f948bde9fdc
1753419202647,INFO:     Started server process [1],mcp-server-app/dev-mcp-server-app-container/63f9d62edbe04a58afa33f948bde9fdc
1753419202647,INFO:     Waiting for application startup.,mcp-server-app/dev-mcp-server-app-container/63f9d62edbe04a58afa33f948bde9fdc
1753419202647,04:53:22 | INFO     | mcp.server.streamable_http_manager | StreamableHTTP session manager started,mcp-server-app/dev-mcp-server-app-container/63f9d62edbe04a58afa33f948bde9fdc
1753419202647,04:53:22 | INFO     | mcp_tlx_server            | Application started with StreamableHTTP session manager!,mcp-server-app/dev-mcp-server-app-container/63f9d62edbe04a58afa33f948bde9fdc
1753419202647,INFO:     Application startup complete.,mcp-server-app/dev-mcp-server-app-container/63f9d62edbe04a58afa33f948bde9fdc
1753419202648,INFO:     Uvicorn running on http://0.0.0.0:8080 (Press CTRL+C to quit),mcp-server-app/dev-mcp-server-app-container/63f9d62edbe04a58afa33f948bde9fdc
1753419202777,"2025-07-25 04:53:22,777 - mcp_snowflake_server - INFO -    üè≠ Setting warehouse: TLX_GENAI_WAREHOUSE",mcp-snowflake-app/dev-mcp-snowflake-app-container/2b8fca16bbaa4210a03011338af89101
1753419202777,"2025-07-25 04:53:22,777 - mcp_snowflake_server - INFO -    ‚úÖ Successfully connected to Snowflake",mcp-snowflake-app/dev-mcp-snowflake-app-container/2b8fca16bbaa4210a03011338af89101
1753419202791,INFO:     Started server process [1],mcp-snowflake-app/dev-mcp-snowflake-app-container/2b8fca16bbaa4210a03011338af89101
1753419202791,INFO:     Waiting for application startup.,mcp-snowflake-app/dev-mcp-snowflake-app-container/2b8fca16bbaa4210a03011338af89101
1753419202792,"2025-07-25 04:53:22,791 - mcp.server.streamable_http_manager - INFO - StreamableHTTP session manager started",mcp-snowflake-app/dev-mcp-snowflake-app-container/2b8fca16bbaa4210a03011338af89101
1753419202792,"2025-07-25 04:53:22,791 - mcp_snowflake_server - INFO - Application started with StreamableHTTP session manager!",mcp-snowflake-app/dev-mcp-snowflake-app-container/2b8fca16bbaa4210a03011338af89101
1753419202792,INFO:     Application startup complete.,mcp-snowflake-app/dev-mcp-snowflake-app-container/2b8fca16bbaa4210a03011338af89101
1753419202792,INFO:     Uvicorn running on http://0.0.0.0:8081 (Press CTRL+C to quit),mcp-snowflake-app/dev-mcp-snowflake-app-container/2b8fca16bbaa4210a03011338af89101
1753419205389,"Collecting usage statistics. To deactivate, set browser.gatherUsageStats to false.",GENAI-API/dev-GEN-AI-Container/ba47ae2944034f4cbb99f0d422d67618
1753419205437,  You can now view your Streamlit app in your browser.,GENAI-API/dev-GEN-AI-Container/ba47ae2944034f4cbb99f0d422d67618
1753419205437,  URL: http://0.0.0.0:8501,GENAI-API/dev-GEN-AI-Container/ba47ae2944034f4cbb99f0d422d67618
1753419205967,"{""client_addr"":""10.200.2.119:60720"",""level"":""info"",""msg"":""Received request."",""req_id"":1,""req_method"":""GET"",""req_path"":""/health"",""time"":""2025-07-25T04:53:25Z""}",opa-server-logs/dev-opa-server-container/0c1ca2e89a2c46d6a02b0c7fbead88c6
1753419205967,"{""client_addr"":""10.200.2.119:60720"",""level"":""info"",""msg"":""Sent response."",""req_id"":1,""req_method"":""GET"",""req_path"":""/health"",""resp_bytes"":3,""resp_duration"":0.329098,""resp_status"":200,""time"":""2025-07-25T04:53:25Z""}",opa-server-logs/dev-opa-server-container/0c1ca2e89a2c46d6a02b0c7fbead88c6
1753419213017,"Snowflake connection configuration: {'account': 'aqb89107', 'role': 'GEN_AI', 'warehouse': 'TLX_GENAI_WAREHOUSE', 'database': 'HEALTH_CARE', 'schema': 'BILLING_INFO', 'user': 'MCP_DEMO_USER', 'password': ''}",mcp-snowflake-app/dev-mcp-snowflake-app-container/2b8fca16bbaa4210a03011338af89101
1753419213017,"INFO:     10.200.2.119:2354 - ""GET /health HTTP/1.1"" 200 OK",mcp-snowflake-app/dev-mcp-snowflake-app-container/2b8fca16bbaa4210a03011338af89101
1753419220107,"Trustlogix connection configuration: {'login_id': 'admin@acme.com', 'password': ''}",mcp-server-app/dev-mcp-server-app-container/63f9d62edbe04a58afa33f948bde9fdc
1753419220107,"INFO:     10.200.2.119:27918 - ""GET /health HTTP/1.1"" 200 OK",mcp-server-app/dev-mcp-server-app-container/63f9d62edbe04a58afa33f948bde9fdc
1753419235974,"{""client_addr"":""10.200.2.119:35434"",""level"":""info"",""msg"":""Received request."",""req_id"":2,""req_method"":""GET"",""req_path"":""/health"",""time"":""2025-07-25T04:53:55Z""}",opa-server-logs/dev-opa-server-container/0c1ca2e89a2c46d6a02b0c7fbead88c6
1753419235974,"{""client_addr"":""10.200.2.119:35434"",""level"":""info"",""msg"":""Sent response."",""req_id"":2,""req_method"":""GET"",""req_path"":""/health"",""resp_bytes"":3,""resp_duration"":0.391587,""resp_status"":200,""time"":""2025-07-25T04:53:55Z""}",opa-server-logs/dev-opa-server-container/0c1ca2e89a2c46d6a02b0c7fbead88c6
1753419243016,"INFO:     10.200.2.119:25202 - ""GET /health HTTP/1.1"" 200 OK",mcp-snowflake-app/dev-mcp-snowflake-app-container/2b8fca16bbaa4210a03011338af89101
1753419250109,"INFO:     10.200.2.119:55052 - ""GET /health HTTP/1.1"" 200 OK",mcp-server-app/dev-mcp-server-app-container/63f9d62edbe04a58afa33f948bde9fdc
1753419265987,"{""client_addr"":""10.200.2.119:39582"",""level"":""info"",""msg"":""Received request."",""req_id"":3,""req_method"":""GET"",""req_path"":""/health"",""time"":""2025-07-25T04:54:25Z""}",opa-server-logs/dev-opa-server-container/0c1ca2e89a2c46d6a02b0c7fbead88c6
1753419265987,"{""client_addr"":""10.200.2.119:39582"",""level"":""info"",""msg"":""Sent response."",""req_id"":3,""req_method"":""GET"",""req_path"":""/health"",""resp_bytes"":3,""resp_duration"":0.287049,""resp_status"":200,""time"":""2025-07-25T04:54:25Z""}",opa-server-logs/dev-opa-server-container/0c1ca2e89a2c46d6a02b0c7fbead88c6
1753419273018,"INFO:     10.200.2.119:62276 - ""GET /health HTTP/1.1"" 200 OK",mcp-snowflake-app/dev-mcp-snowflake-app-container/2b8fca16bbaa4210a03011338af89101
1753419278394,"INFO:     10.200.1.12:31886 - ""GET /health HTTP/1.1"" 200 OK",mcp-server-app/dev-mcp-server-app-container/63f9d62edbe04a58afa33f948bde9fdc
1753419278394,"{""client_addr"":""10.200.1.12:15798"",""level"":""info"",""msg"":""Received request."",""req_id"":4,""req_method"":""GET"",""req_path"":""/health"",""time"":""2025-07-25T04:54:38Z""}",opa-server-logs/dev-opa-server-container/0c1ca2e89a2c46d6a02b0c7fbead88c6
1753419278394,"{""client_addr"":""10.200.1.12:15798"",""level"":""info"",""msg"":""Sent response."",""req_id"":4,""req_method"":""GET"",""req_path"":""/health"",""resp_bytes"":3,""resp_duration"":0.307296,""resp_status"":200,""time"":""2025-07-25T04:54:38Z""}",opa-server-logs/dev-opa-server-container/0c1ca2e89a2c46d6a02b0c7fbead88c6
1753419278395,"INFO:     10.200.1.12:58554 - ""GET /health HTTP/1.1"" 200 OK",mcp-snowflake-app/dev-mcp-snowflake-app-container/2b8fca16bbaa4210a03011338af89101
1753419280116,"INFO:     10.200.2.119:5502 - ""GET /health HTTP/1.1"" 200 OK",mcp-server-app/dev-mcp-server-app-container/63f9d62edbe04a58afa33f948bde9fdc
1753419296004,"{""client_addr"":""10.200.2.119:8576"",""level"":""info"",""msg"":""Received request."",""req_id"":5,""req_method"":""GET"",""req_path"":""/health"",""time"":""2025-07-25T04:54:56Z""}",opa-server-logs/dev-opa-server-container/0c1ca2e89a2c46d6a02b0c7fbead88c6
1753419296004,"{""client_addr"":""10.200.2.119:8576"",""level"":""info"",""msg"":""Sent response."",""req_id"":5,""req_method"":""GET"",""req_path"":""/health"",""resp_bytes"":3,""resp_duration"":0.407258,""resp_status"":200,""time"":""2025-07-25T04:54:56Z""}",opa-server-logs/dev-opa-server-container/0c1ca2e89a2c46d6a02b0c7fbead88c6
1753419303021,"INFO:     10.200.2.119:28932 - ""GET /health HTTP/1.1"" 200 OK",mcp-snowflake-app/dev-mcp-snowflake-app-container/2b8fca16bbaa4210a03011338af89101
1753419308406,"INFO:     10.200.1.12:62204 - ""GET /health HTTP/1.1"" 200 OK",mcp-server-app/dev-mcp-server-app-container/63f9d62edbe04a58afa33f948bde9fdc
1753419308406,"{""client_addr"":""10.200.1.12:29702"",""level"":""info"",""msg"":""Received request."",""req_id"":6,""req_method"":""GET"",""req_path"":""/health"",""time"":""2025-07-25T04:55:08Z""}",opa-server-logs/dev-opa-server-container/0c1ca2e89a2c46d6a02b0c7fbead88c6
1753419308406,"{""client_addr"":""10.200.1.12:29702"",""level"":""info"",""msg"":""Sent response."",""req_id"":6,""req_method"":""GET"",""req_path"":""/health"",""resp_bytes"":3,""resp_duration"":0.373454,""resp_status"":200,""time"":""2025-07-25T04:55:08Z""}",opa-server-logs/dev-opa-server-container/0c1ca2e89a2c46d6a02b0c7fbead88c6
1753419308407,"INFO:     10.200.1.12:46990 - ""GET /health HTTP/1.1"" 200 OK",mcp-snowflake-app/dev-mcp-snowflake-app-container/2b8fca16bbaa4210a03011338af89101
1753419310123,"INFO:     10.200.2.119:64496 - ""GET /health HTTP/1.1"" 200 OK",mcp-server-app/dev-mcp-server-app-container/63f9d62edbe04a58afa33f948bde9fdc
1753419326020,"{""client_addr"":""10.200.2.119:3930"",""level"":""info"",""msg"":""Received request."",""req_id"":7,""req_method"":""GET"",""req_path"":""/health"",""time"":""2025-07-25T04:55:26Z""}",opa-server-logs/dev-opa-server-container/0c1ca2e89a2c46d6a02b0c7fbead88c6
1753419326021,"{""client_addr"":""10.200.2.119:3930"",""level"":""info"",""msg"":""Sent response."",""req_id"":7,""req_method"":""GET"",""req_path"":""/health"",""resp_bytes"":3,""resp_duration"":0.451009,""resp_status"":200,""time"":""2025-07-25T04:55:26Z""}",opa-server-logs/dev-opa-server-container/0c1ca2e89a2c46d6a02b0c7fbead88c6
1753419333028,"INFO:     10.200.2.119:64966 - ""GET /health HTTP/1.1"" 200 OK",mcp-snowflake-app/dev-mcp-snowflake-app-container/2b8fca16bbaa4210a03011338af89101
1753419338437,"INFO:     10.200.1.12:10606 - ""GET /health HTTP/1.1"" 200 OK",mcp-snowflake-app/dev-mcp-snowflake-app-container/2b8fca16bbaa4210a03011338af89101
1753419338437,"INFO:     10.200.1.12:42542 - ""GET /health HTTP/1.1"" 200 OK",mcp-server-app/dev-mcp-server-app-container/63f9d62edbe04a58afa33f948bde9fdc
1753419338437,"{""client_addr"":""10.200.1.12:1834"",""level"":""info"",""msg"":""Received request."",""req_id"":8,""req_method"":""GET"",""req_path"":""/health"",""time"":""2025-07-25T04:55:38Z""}",opa-server-logs/dev-opa-server-container/0c1ca2e89a2c46d6a02b0c7fbead88c6
1753419338437,"{""client_addr"":""10.200.1.12:1834"",""level"":""info"",""msg"":""Sent response."",""req_id"":8,""req_method"":""GET"",""req_path"":""/health"",""resp_bytes"":3,""resp_duration"":0.469277,""resp_status"":200,""time"":""2025-07-25T04:55:38Z""}",opa-server-logs/dev-opa-server-container/0c1ca2e89a2c46d6a02b0c7fbead88c6
1753419340131,"INFO:     10.200.2.119:24874 - ""GET /health HTTP/1.1"" 200 OK",mcp-server-app/dev-mcp-server-app-container/63f9d62edbe04a58afa33f948bde9fdc
1753419356026,"{""client_addr"":""10.200.2.119:46568"",""level"":""info"",""msg"":""Received request."",""req_id"":9,""req_method"":""GET"",""req_path"":""/health"",""time"":""2025-07-25T04:55:56Z""}",opa-server-logs/dev-opa-server-container/0c1ca2e89a2c46d6a02b0c7fbead88c6
1753419356026,"{""client_addr"":""10.200.2.119:46568"",""level"":""info"",""msg"":""Sent response."",""req_id"":9,""req_method"":""GET"",""req_path"":""/health"",""resp_bytes"":3,""resp_duration"":0.274394,""resp_status"":200,""time"":""2025-07-25T04:55:56Z""}",opa-server-logs/dev-opa-server-container/0c1ca2e89a2c46d6a02b0c7fbead88c6
1753419363034,"INFO:     10.200.2.119:25380 - ""GET /health HTTP/1.1"" 200 OK",mcp-snowflake-app/dev-mcp-snowflake-app-container/2b8fca16bbaa4210a03011338af89101
1753419368462,"INFO:     10.200.1.12:33896 - ""GET /health HTTP/1.1"" 200 OK",mcp-snowflake-app/dev-mcp-snowflake-app-container/2b8fca16bbaa4210a03011338af89101
1753419368462,"INFO:     10.200.1.12:11900 - ""GET /health HTTP/1.1"" 200 OK",mcp-server-app/dev-mcp-server-app-container/63f9d62edbe04a58afa33f948bde9fdc
1753419368462,"{""client_addr"":""10.200.1.12:6244"",""level"":""info"",""msg"":""Received request."",""req_id"":10,""req_method"":""GET"",""req_path"":""/health"",""time"":""2025-07-25T04:56:08Z""}",opa-server-logs/dev-opa-server-container/0c1ca2e89a2c46d6a02b0c7fbead88c6
1753419368462,"{""client_addr"":""10.200.1.12:6244"",""level"":""info"",""msg"":""Sent response."",""req_id"":10,""req_method"":""GET"",""req_path"":""/health"",""resp_bytes"":3,""resp_duration"":0.296488,""resp_status"":200,""time"":""2025-07-25T04:56:08Z""}",opa-server-logs/dev-opa-server-container/0c1ca2e89a2c46d6a02b0c7fbead88c6
1753419368501,04:56:08 | ERROR    | main             | JWT generation failed: [Errno 2] No such file or directory: 'mcp_private_key.pem',GENAI-API/dev-GEN-AI-Container/ba47ae2944034f4cbb99f0d422d67618
1753419370139,"INFO:     10.200.2.119:4774 - ""GET /health HTTP/1.1"" 200 OK",mcp-server-app/dev-mcp-server-app-container/63f9d62edbe04a58afa33f948bde9fdc
1753419372333,04:56:12 | ERROR    | main             | JWT generation failed: [Errno 2] No such file or directory: 'mcp_private_key.pem',GENAI-API/dev-GEN-AI-Container/ba47ae2944034f4cbb99f0d422d67618
1753419386030,"{""client_addr"":""10.200.2.119:23468"",""level"":""info"",""msg"":""Received request."",""req_id"":11,""req_method"":""GET"",""req_path"":""/health"",""time"":""2025-07-25T04:56:26Z""}",opa-server-logs/dev-opa-server-container/0c1ca2e89a2c46d6a02b0c7fbead88c6
1753419386031,"{""client_addr"":""10.200.2.119:23468"",""level"":""info"",""msg"":""Sent response."",""req_id"":11,""req_method"":""GET"",""req_path"":""/health"",""resp_bytes"":3,""resp_duration"":0.277818,""resp_status"":200,""time"":""2025-07-25T04:56:26Z""}",opa-server-logs/dev-opa-server-container/0c1ca2e89a2c46d6a02b0c7fbead88c6
1753419393040,"INFO:     10.200.2.119:47944 - ""GET /health HTTP/1.1"" 200 OK",mcp-snowflake-app/dev-mcp-snowflake-app-container/2b8fca16bbaa4210a03011338af89101
1753419398462,"INFO:     10.200.1.12:19312 - ""GET /health HTTP/1.1"" 200 OK",mcp-server-app/dev-mcp-server-app-container/63f9d62edbe04a58afa33f948bde9fdc
1753419398462,"{""client_addr"":""10.200.1.12:5908"",""level"":""info"",""msg"":""Received request."",""req_id"":12,""req_method"":""GET"",""req_path"":""/health"",""time"":""2025-07-25T04:56:38Z""}",opa-server-logs/dev-opa-server-container/0c1ca2e89a2c46d6a02b0c7fbead88c6
1753419398463,"INFO:     10.200.1.12:13202 - ""GET /health HTTP/1.1"" 200 OK",mcp-snowflake-app/dev-mcp-snowflake-app-container/2b8fca16bbaa4210a03011338af89101
1753419398463,"{""client_addr"":""10.200.1.12:5908"",""level"":""info"",""msg"":""Sent response."",""req_id"":12,""req_method"":""GET"",""req_path"":""/health"",""resp_bytes"":3,""resp_duration"":0.539583,""resp_status"":200,""time"":""2025-07-25T04:56:38Z""}",opa-server-logs/dev-opa-server-container/0c1ca2e89a2c46d6a02b0c7fbead88c6
1753419400146,"INFO:     10.200.2.119:4990 - ""GET /health HTTP/1.1"" 200 OK",mcp-server-app/dev-mcp-server-app-container/63f9d62edbe04a58afa33f948bde9fdc
1753419416047,"{""client_addr"":""10.200.2.119:6838"",""level"":""info"",""msg"":""Received request."",""req_id"":13,""req_method"":""GET"",""req_path"":""/health"",""time"":""2025-07-25T04:56:56Z""}",opa-server-logs/dev-opa-server-container/0c1ca2e89a2c46d6a02b0c7fbead88c6
1753419416047,"{""client_addr"":""10.200.2.119:6838"",""level"":""info"",""msg"":""Sent response."",""req_id"":13,""req_method"":""GET"",""req_path"":""/health"",""resp_bytes"":3,""resp_duration"":0.283211,""resp_status"":200,""time"":""2025-07-25T04:56:56Z""}",opa-server-logs/dev-opa-server-container/0c1ca2e89a2c46d6a02b0c7fbead88c6
1753419423049,"INFO:     10.200.2.119:3340 - ""GET /health HTTP/1.1"" 200 OK",mcp-snowflake-app/dev-mcp-snowflake-app-container/2b8fca16bbaa4210a03011338af89101
1753419428476,"INFO:     10.200.1.12:61218 - ""GET /health HTTP/1.1"" 200 OK",mcp-server-app/dev-mcp-server-app-container/63f9d62edbe04a58afa33f948bde9fdc
1753419428476,"{""client_addr"":""10.200.1.12:46958"",""level"":""info"",""msg"":""Received request."",""req_id"":14,""req_method"":""GET"",""req_path"":""/health"",""time"":""2025-07-25T04:57:08Z""}",opa-server-logs/dev-opa-server-container/0c1ca2e89a2c46d6a02b0c7fbead88c6
1753419428476,"{""client_addr"":""10.200.1.12:46958"",""level"":""info"",""msg"":""Sent response."",""req_id"":14,""req_method"":""GET"",""req_path"":""/health"",""resp_bytes"":3,""resp_duration"":0.346354,""resp_status"":200,""time"":""2025-07-25T04:57:08Z""}",opa-server-logs/dev-opa-server-container/0c1ca2e89a2c46d6a02b0c7fbead88c6
1753419428477,"INFO:     10.200.1.12:27778 - ""GET /health HTTP/1.1"" 200 OK",mcp-snowflake-app/dev-mcp-snowflake-app-container/2b8fca16bbaa4210a03011338af89101
1753419430154,"INFO:     10.200.2.119:39430 - ""GET /health HTTP/1.1"" 200 OK",mcp-server-app/dev-mcp-server-app-container/63f9d62edbe04a58afa33f948bde9fdc
1753419446065,"{""client_addr"":""10.200.2.119:50848"",""level"":""info"",""msg"":""Received request."",""req_id"":15,""req_method"":""GET"",""req_path"":""/health"",""time"":""2025-07-25T04:57:26Z""}",opa-server-logs/dev-opa-server-container/0c1ca2e89a2c46d6a02b0c7fbead88c6
1753419446065,"{""client_addr"":""10.200.2.119:50848"",""level"":""info"",""msg"":""Sent response."",""req_id"":15,""req_method"":""GET"",""req_path"":""/health"",""resp_bytes"":3,""resp_duration"":0.759207,""resp_status"":200,""time"":""2025-07-25T04:57:26Z""}",opa-server-logs/dev-opa-server-container/0c1ca2e89a2c46d6a02b0c7fbead88c6
1753419453056,"INFO:     10.200.2.119:29404 - ""GET /health HTTP/1.1"" 200 OK",mcp-snowflake-app/dev-mcp-snowflake-app-container/2b8fca16bbaa4210a03011338af89101
1753419458506,"INFO:     10.200.1.12:43682 - ""GET /health HTTP/1.1"" 200 OK",mcp-snowflake-app/dev-mcp-snowflake-app-container/2b8fca16bbaa4210a03011338af89101
1753419458506,"INFO:     10.200.1.12:46206 - ""GET /health HTTP/1.1"" 200 OK",mcp-server-app/dev-mcp-server-app-container/63f9d62edbe04a58afa33f948bde9fdc
1753419458506,"{""client_addr"":""10.200.1.12:30864"",""level"":""info"",""msg"":""Received request."",""req_id"":16,""req_method"":""GET"",""req_path"":""/health"",""time"":""2025-07-25T04:57:38Z""}",opa-server-logs/dev-opa-server-container/0c1ca2e89a2c46d6a02b0c7fbead88c6
1753419458506,"{""client_addr"":""10.200.1.12:30864"",""level"":""info"",""msg"":""Sent response."",""req_id"":16,""req_method"":""GET"",""req_path"":""/health"",""resp_bytes"":3,""resp_duration"":0.292003,""resp_status"":200,""time"":""2025-07-25T04:57:38Z""}",opa-server-logs/dev-opa-server-container/0c1ca2e89a2c46d6a02b0c7fbead88c6
1753419460156,"INFO:     10.200.2.119:28970 - ""GET /health HTTP/1.1"" 200 OK",mcp-server-app/dev-mcp-server-app-container/63f9d62edbe04a58afa33f948bde9fdc
1753419476081,"{""client_addr"":""10.200.2.119:30472"",""level"":""info"",""msg"":""Received request."",""req_id"":17,""req_method"":""GET"",""req_path"":""/health"",""time"":""2025-07-25T04:57:56Z""}",opa-server-logs/dev-opa-server-container/0c1ca2e89a2c46d6a02b0c7fbead88c6
1753419476081,"{""client_addr"":""10.200.2.119:30472"",""level"":""info"",""msg"":""Sent response."",""req_id"":17,""req_method"":""GET"",""req_path"":""/health"",""resp_bytes"":3,""resp_duration"":0.324227,""resp_status"":200,""time"":""2025-07-25T04:57:56Z""}",opa-server-logs/dev-opa-server-container/0c1ca2e89a2c46d6a02b0c7fbead88c6
1753419483065,"INFO:     10.200.2.119:15992 - ""GET /health HTTP/1.1"" 200 OK",mcp-snowflake-app/dev-mcp-snowflake-app-container/2b8fca16bbaa4210a03011338af89101
1753419488536,"INFO:     10.200.1.12:11462 - ""GET /health HTTP/1.1"" 200 OK",mcp-server-app/dev-mcp-server-app-container/63f9d62edbe04a58afa33f948bde9fdc
1753419488536,"{""client_addr"":""10.200.1.12:13922"",""level"":""info"",""msg"":""Received request."",""req_id"":18,""req_method"":""GET"",""req_path"":""/health"",""time"":""2025-07-25T04:58:08Z""}",opa-server-logs/dev-opa-server-container/0c1ca2e89a2c46d6a02b0c7fbead88c6
1753419488537,"INFO:     10.200.1.12:56588 - ""GET /health HTTP/1.1"" 200 OK",mcp-snowflake-app/dev-mcp-snowflake-app-container/2b8fca16bbaa4210a03011338af89101
1753419488537,"{""client_addr"":""10.200.1.12:13922"",""level"":""info"",""msg"":""Sent response."",""req_id"":18,""req_method"":""GET"",""req_path"":""/health"",""resp_bytes"":3,""resp_duration"":0.346888,""resp_status"":200,""time"":""2025-07-25T04:58:08Z""}",opa-server-logs/dev-opa-server-container/0c1ca2e89a2c46d6a02b0c7fbead88c6
1753419490165,"INFO:     10.200.2.119:50158 - ""GET /health HTTP/1.1"" 200 OK",mcp-server-app/dev-mcp-server-app-container/63f9d62edbe04a58afa33f948bde9fdc
1753419506097,"{""client_addr"":""10.200.2.119:47994"",""level"":""info"",""msg"":""Received request."",""req_id"":19,""req_method"":""GET"",""req_path"":""/health"",""time"":""2025-07-25T04:58:26Z""}",opa-server-logs/dev-opa-server-container/0c1ca2e89a2c46d6a02b0c7fbead88c6
1753419506098,"{""client_addr"":""10.200.2.119:47994"",""level"":""info"",""msg"":""Sent response."",""req_id"":19,""req_method"":""GET"",""req_path"":""/health"",""resp_bytes"":3,""resp_duration"":0.874828,""resp_status"":200,""time"":""2025-07-25T04:58:26Z""}",opa-server-logs/dev-opa-server-container/0c1ca2e89a2c46d6a02b0c7fbead88c6
1753419513072,"INFO:     10.200.2.119:51048 - ""GET /health HTTP/1.1"" 200 OK",mcp-snowflake-app/dev-mcp-snowflake-app-container/2b8fca16bbaa4210a03011338af89101
1753419518566,"INFO:     10.200.1.12:17994 - ""GET /health HTTP/1.1"" 200 OK",mcp-server-app/dev-mcp-server-app-container/63f9d62edbe04a58afa33f948bde9fdc
1753419518566,"{""client_addr"":""10.200.1.12:1558"",""level"":""info"",""msg"":""Received request."",""req_id"":20,""req_method"":""GET"",""req_path"":""/health"",""time"":""2025-07-25T04:58:38Z""}",opa-server-logs/dev-opa-server-container/0c1ca2e89a2c46d6a02b0c7fbead88c6
1753419518567,"INFO:     10.200.1.12:23926 - ""GET /health HTTP/1.1"" 200 OK",mcp-snowflake-app/dev-mcp-snowflake-app-container/2b8fca16bbaa4210a03011338af89101
1753419518567,"{""client_addr"":""10.200.1.12:1558"",""level"":""info"",""msg"":""Sent response."",""req_id"":20,""req_method"":""GET"",""req_path"":""/health"",""resp_bytes"":3,""resp_duration"":0.263944,""resp_status"":200,""time"":""2025-07-25T04:58:38Z""}",opa-server-logs/dev-opa-server-container/0c1ca2e89a2c46d6a02b0c7fbead88c6
1753419520168,"INFO:     10.200.2.119:54338 - ""GET /health HTTP/1.1"" 200 OK",mcp-server-app/dev-mcp-server-app-container/63f9d62edbe04a58afa33f948bde9fdc
1753419536113,"{""client_addr"":""10.200.2.119:11670"",""level"":""info"",""msg"":""Received request."",""req_id"":21,""req_method"":""GET"",""req_path"":""/health"",""time"":""2025-07-25T04:58:56Z""}",opa-server-logs/dev-opa-server-container/0c1ca2e89a2c46d6a02b0c7fbead88c6
1753419536113,"{""client_addr"":""10.200.2.119:11670"",""level"":""info"",""msg"":""Sent response."",""req_id"":21,""req_method"":""GET"",""req_path"":""/health"",""resp_bytes"":3,""resp_duration"":0.279927,""resp_status"":200,""time"":""2025-07-25T04:58:56Z""}",opa-server-logs/dev-opa-server-container/0c1ca2e89a2c46d6a02b0c7fbead88c6
1753419543080,"INFO:     10.200.2.119:64220 - ""GET /health HTTP/1.1"" 200 OK",mcp-snowflake-app/dev-mcp-snowflake-app-container/2b8fca16bbaa4210a03011338af89101
1753419548596,"INFO:     10.200.1.12:17928 - ""GET /health HTTP/1.1"" 200 OK",mcp-snowflake-app/dev-mcp-snowflake-app-container/2b8fca16bbaa4210a03011338af89101
1753419548596,"INFO:     10.200.1.12:13712 - ""GET /health HTTP/1.1"" 200 OK",mcp-server-app/dev-mcp-server-app-container/63f9d62edbe04a58afa33f948bde9fdc
1753419548596,"{""client_addr"":""10.200.1.12:20822"",""level"":""info"",""msg"":""Received request."",""req_id"":22,""req_method"":""GET"",""req_path"":""/health"",""time"":""2025-07-25T04:59:08Z""}",opa-server-logs/dev-opa-server-container/0c1ca2e89a2c46d6a02b0c7fbead88c6
1753419548596,"{""client_addr"":""10.200.1.12:20822"",""level"":""info"",""msg"":""Sent response."",""req_id"":22,""req_method"":""GET"",""req_path"":""/health"",""resp_bytes"":3,""resp_duration"":0.457795,""resp_status"":200,""time"":""2025-07-25T04:59:08Z""}",opa-server-logs/dev-opa-server-container/0c1ca2e89a2c46d6a02b0c7fbead88c6
1753419550176,"INFO:     10.200.2.119:44728 - ""GET /health HTTP/1.1"" 200 OK",mcp-server-app/dev-mcp-server-app-container/63f9d62edbe04a58afa33f948bde9fdc
1753419566130,"{""client_addr"":""10.200.2.119:32216"",""level"":""info"",""msg"":""Received request."",""req_id"":23,""req_method"":""GET"",""req_path"":""/health"",""time"":""2025-07-25T04:59:26Z""}",opa-server-logs/dev-opa-server-container/0c1ca2e89a2c46d6a02b0c7fbead88c6
1753419566131,"{""client_addr"":""10.200.2.119:32216"",""level"":""info"",""msg"":""Sent response."",""req_id"":23,""req_method"":""GET"",""req_path"":""/health"",""resp_bytes"":3,""resp_duration"":0.579204,""resp_status"":200,""time"":""2025-07-25T04:59:26Z""}",opa-server-logs/dev-opa-server-container/0c1ca2e89a2c46d6a02b0c7fbead88c6
1753419573084,"INFO:     10.200.2.119:58742 - ""GET /health HTTP/1.1"" 200 OK",mcp-snowflake-app/dev-mcp-snowflake-app-container/2b8fca16bbaa4210a03011338af89101
1753419578603,"INFO:     10.200.1.12:25858 - ""GET /health HTTP/1.1"" 200 OK",mcp-snowflake-app/dev-mcp-snowflake-app-container/2b8fca16bbaa4210a03011338af89101
1753419578603,"INFO:     10.200.1.12:33832 - ""GET /health HTTP/1.1"" 200 OK",mcp-server-app/dev-mcp-server-app-container/63f9d62edbe04a58afa33f948bde9fdc
1753419578603,"{""client_addr"":""10.200.1.12:8852"",""level"":""info"",""msg"":""Received request."",""req_id"":24,""req_method"":""GET"",""req_path"":""/health"",""time"":""2025-07-25T04:59:38Z""}",opa-server-logs/dev-opa-server-container/0c1ca2e89a2c46d6a02b0c7fbead88c6
1753419578603,"{""client_addr"":""10.200.1.12:8852"",""level"":""info"",""msg"":""Sent response."",""req_id"":24,""req_method"":""GET"",""req_path"":""/health"",""resp_bytes"":3,""resp_duration"":0.298674,""resp_status"":200,""time"":""2025-07-25T04:59:38Z""}",opa-server-logs/dev-opa-server-container/0c1ca2e89a2c46d6a02b0c7fbead88c6
1753419580181,"INFO:     10.200.2.119:24864 - ""GET /health HTTP/1.1"" 200 OK",mcp-server-app/dev-mcp-server-app-container/63f9d62edbe04a58afa33f948bde9fdc
1753419596147,"{""client_addr"":""10.200.2.119:47632"",""level"":""info"",""msg"":""Received request."",""req_id"":25,""req_method"":""GET"",""req_path"":""/health"",""time"":""2025-07-25T04:59:56Z""}",opa-server-logs/dev-opa-server-container/0c1ca2e89a2c46d6a02b0c7fbead88c6
1753419596147,"{""client_addr"":""10.200.2.119:47632"",""level"":""info"",""msg"":""Sent response."",""req_id"":25,""req_method"":""GET"",""req_path"":""/health"",""resp_bytes"":3,""resp_duration"":0.287973,""resp_status"":200,""time"":""2025-07-25T04:59:56Z""}",opa-server-logs/dev-opa-server-container/0c1ca2e89a2c46d6a02b0c7fbead88c6
1753419603090,"INFO:     10.200.2.119:22690 - ""GET /health HTTP/1.1"" 200 OK",mcp-snowflake-app/dev-mcp-snowflake-app-container/2b8fca16bbaa4210a03011338af89101
1753419608618,"INFO:     10.200.1.12:61084 - ""GET /health HTTP/1.1"" 200 OK",mcp-server-app/dev-mcp-server-app-container/63f9d62edbe04a58afa33f948bde9fdc
1753419608619,"INFO:     10.200.1.12:24692 - ""GET /health HTTP/1.1"" 200 OK",mcp-snowflake-app/dev-mcp-snowflake-app-container/2b8fca16bbaa4210a03011338af89101
1753419608619,"{""client_addr"":""10.200.1.12:12372"",""level"":""info"",""msg"":""Received request."",""req_id"":26,""req_method"":""GET"",""req_path"":""/health"",""time"":""2025-07-25T05:00:08Z""}",opa-server-logs/dev-opa-server-container/0c1ca2e89a2c46d6a02b0c7fbead88c6
1753419608619,"{""client_addr"":""10.200.1.12:12372"",""level"":""info"",""msg"":""Sent response."",""req_id"":26,""req_method"":""GET"",""req_path"":""/health"",""resp_bytes"":3,""resp_duration"":0.3244,""resp_status"":200,""time"":""2025-07-25T05:00:08Z""}",opa-server-logs/dev-opa-server-container/0c1ca2e89a2c46d6a02b0c7fbead88c6
1753419610188,"INFO:     10.200.2.119:43008 - ""GET /health HTTP/1.1"" 200 OK",mcp-server-app/dev-mcp-server-app-container/63f9d62edbe04a58afa33f948bde9fdc
1753419626163,"{""client_addr"":""10.200.2.119:53876"",""level"":""info"",""msg"":""Received request."",""req_id"":27,""req_method"":""GET"",""req_path"":""/health"",""time"":""2025-07-25T05:00:26Z""}",opa-server-logs/dev-opa-server-container/0c1ca2e89a2c46d6a02b0c7fbead88c6
1753419626164,"{""client_addr"":""10.200.2.119:53876"",""level"":""info"",""msg"":""Sent response."",""req_id"":27,""req_method"":""GET"",""req_path"":""/health"",""resp_bytes"":3,""resp_duration"":0.494949,""resp_status"":200,""time"":""2025-07-25T05:00:26Z""}",opa-server-logs/dev-opa-server-container/0c1ca2e89a2c46d6a02b0c7fbead88c6
1753419633098,"INFO:     10.200.2.119:63516 - ""GET /health HTTP/1.1"" 200 OK",mcp-snowflake-app/dev-mcp-snowflake-app-container/2b8fca16bbaa4210a03011338af89101
1753419638647,"INFO:     10.200.1.12:22506 - ""GET /health HTTP/1.1"" 200 OK",mcp-snowflake-app/dev-mcp-snowflake-app-container/2b8fca16bbaa4210a03011338af89101
1753419638647,"INFO:     10.200.1.12:6094 - ""GET /health HTTP/1.1"" 200 OK",mcp-server-app/dev-mcp-server-app-container/63f9d62edbe04a58afa33f948bde9fdc
1753419638647,"{""client_addr"":""10.200.1.12:29550"",""level"":""info"",""msg"":""Received request."",""req_id"":28,""req_method"":""GET"",""req_path"":""/health"",""time"":""2025-07-25T05:00:38Z""}",opa-server-logs/dev-opa-server-container/0c1ca2e89a2c46d6a02b0c7fbead88c6
1753419638647,"{""client_addr"":""10.200.1.12:29550"",""level"":""info"",""msg"":""Sent response."",""req_id"":28,""req_method"":""GET"",""req_path"":""/health"",""resp_bytes"":3,""resp_duration"":0.270647,""resp_status"":200,""time"":""2025-07-25T05:00:38Z""}",opa-server-logs/dev-opa-server-container/0c1ca2e89a2c46d6a02b0c7fbead88c6
1753419640196,"INFO:     10.200.2.119:60844 - ""GET /health HTTP/1.1"" 200 OK",mcp-server-app/dev-mcp-server-app-container/63f9d62edbe04a58afa33f948bde9fdc
1753419656175,"{""client_addr"":""10.200.2.119:3626"",""level"":""info"",""msg"":""Received request."",""req_id"":29,""req_method"":""GET"",""req_path"":""/health"",""time"":""2025-07-25T05:00:56Z""}",opa-server-logs/dev-opa-server-container/0c1ca2e89a2c46d6a02b0c7fbead88c6
1753419656176,"{""client_addr"":""10.200.2.119:3626"",""level"":""info"",""msg"":""Sent response."",""req_id"":29,""req_method"":""GET"",""req_path"":""/health"",""resp_bytes"":3,""resp_duration"":0.272503,""resp_status"":200,""time"":""2025-07-25T05:00:56Z""}",opa-server-logs/dev-opa-server-container/0c1ca2e89a2c46d6a02b0c7fbead88c6
1753419663107,"INFO:     10.200.2.119:42740 - ""GET /health HTTP/1.1"" 200 OK",mcp-snowflake-app/dev-mcp-snowflake-app-container/2b8fca16bbaa4210a03011338af89101
1753419668662,"INFO:     10.200.1.12:27344 - ""GET /health HTTP/1.1"" 200 OK",mcp-server-app/dev-mcp-server-app-container/63f9d62edbe04a58afa33f948bde9fdc
1753419668662,"{""client_addr"":""10.200.1.12:14810"",""level"":""info"",""msg"":""Received request."",""req_id"":30,""req_method"":""GET"",""req_path"":""/health"",""time"":""2025-07-25T05:01:08Z""}",opa-server-logs/dev-opa-server-container/0c1ca2e89a2c46d6a02b0c7fbead88c6
1753419668663,"INFO:     10.200.1.12:13516 - ""GET /health HTTP/1.1"" 200 OK",mcp-snowflake-app/dev-mcp-snowflake-app-container/2b8fca16bbaa4210a03011338af89101
1753419668663,"{""client_addr"":""10.200.1.12:14810"",""level"":""info"",""msg"":""Sent response."",""req_id"":30,""req_method"":""GET"",""req_path"":""/health"",""resp_bytes"":3,""resp_duration"":0.323812,""resp_status"":200,""time"":""2025-07-25T05:01:08Z""}",opa-server-logs/dev-opa-server-container/0c1ca2e89a2c46d6a02b0c7fbead88c6
1753419670200,"INFO:     10.200.2.119:36172 - ""GET /health HTTP/1.1"" 200 OK",mcp-server-app/dev-mcp-server-app-container/63f9d62edbe04a58afa33f948bde9fdc
1753419686193,"{""client_addr"":""10.200.2.119:7372"",""level"":""info"",""msg"":""Received request."",""req_id"":31,""req_method"":""GET"",""req_path"":""/health"",""time"":""2025-07-25T05:01:26Z""}",opa-server-logs/dev-opa-server-container/0c1ca2e89a2c46d6a02b0c7fbead88c6
1753419686193,"{""client_addr"":""10.200.2.119:7372"",""level"":""info"",""msg"":""Sent response."",""req_id"":31,""req_method"":""GET"",""req_path"":""/health"",""resp_bytes"":3,""resp_duration"":0.476617,""resp_status"":200,""time"":""2025-07-25T05:01:26Z""}",opa-server-logs/dev-opa-server-container/0c1ca2e89a2c46d6a02b0c7fbead88c6
1753419693114,"INFO:     10.200.2.119:8252 - ""GET /health HTTP/1.1"" 200 OK",mcp-snowflake-app/dev-mcp-snowflake-app-container/2b8fca16bbaa4210a03011338af89101
1753419698693,"INFO:     10.200.1.12:32316 - ""GET /health HTTP/1.1"" 200 OK",mcp-snowflake-app/dev-mcp-snowflake-app-container/2b8fca16bbaa4210a03011338af89101
1753419698693,"INFO:     10.200.1.12:28786 - ""GET /health HTTP/1.1"" 200 OK",mcp-server-app/dev-mcp-server-app-container/63f9d62edbe04a58afa33f948bde9fdc
1753419698693,"{""client_addr"":""10.200.1.12:56032"",""level"":""info"",""msg"":""Received request."",""req_id"":32,""req_method"":""GET"",""req_path"":""/health"",""time"":""2025-07-25T05:01:38Z""}",opa-server-logs/dev-opa-server-container/0c1ca2e89a2c46d6a02b0c7fbead88c6
1753419698693,"{""client_addr"":""10.200.1.12:56032"",""level"":""info"",""msg"":""Sent response."",""req_id"":32,""req_method"":""GET"",""req_path"":""/health"",""resp_bytes"":3,""resp_duration"":0.461554,""resp_status"":200,""time"":""2025-07-25T05:01:38Z""}",opa-server-logs/dev-opa-server-container/0c1ca2e89a2c46d6a02b0c7fbead88c6
1753419700204,"INFO:     10.200.2.119:59600 - ""GET /health HTTP/1.1"" 200 OK",mcp-server-app/dev-mcp-server-app-container/63f9d62edbe04a58afa33f948bde9fdc
1753419716209,"{""client_addr"":""10.200.2.119:9644"",""level"":""info"",""msg"":""Received request."",""req_id"":33,""req_method"":""GET"",""req_path"":""/health"",""time"":""2025-07-25T05:01:56Z""}",opa-server-logs/dev-opa-server-container/0c1ca2e89a2c46d6a02b0c7fbead88c6
1753419716209,"{""client_addr"":""10.200.2.119:9644"",""level"":""info"",""msg"":""Sent response."",""req_id"":33,""req_method"":""GET"",""req_path"":""/health"",""resp_bytes"":3,""resp_duration"":0.349012,""resp_status"":200,""time"":""2025-07-25T05:01:56Z""}",opa-server-logs/dev-opa-server-container/0c1ca2e89a2c46d6a02b0c7fbead88c6
1753419723120,"INFO:     10.200.2.119:11900 - ""GET /health HTTP/1.1"" 200 OK",mcp-snowflake-app/dev-mcp-snowflake-app-container/2b8fca16bbaa4210a03011338af89101
1753419728722,"INFO:     10.200.1.12:44388 - ""GET /health HTTP/1.1"" 200 OK",mcp-server-app/dev-mcp-server-app-container/63f9d62edbe04a58afa33f948bde9fdc
1753419728722,"{""client_addr"":""10.200.1.12:27766"",""level"":""info"",""msg"":""Received request."",""req_id"":34,""req_method"":""GET"",""req_path"":""/health"",""time"":""2025-07-25T05:02:08Z""}",opa-server-logs/dev-opa-server-container/0c1ca2e89a2c46d6a02b0c7fbead88c6
1753419728723,"INFO:     10.200.1.12:11076 - ""GET /health HTTP/1.1"" 200 OK",mcp-snowflake-app/dev-mcp-snowflake-app-container/2b8fca16bbaa4210a03011338af89101
1753419728723,"{""client_addr"":""10.200.1.12:27766"",""level"":""info"",""msg"":""Sent response."",""req_id"":34,""req_method"":""GET"",""req_path"":""/health"",""resp_bytes"":3,""resp_duration"":0.276119,""resp_status"":200,""time"":""2025-07-25T05:02:08Z""}",opa-server-logs/dev-opa-server-container/0c1ca2e89a2c46d6a02b0c7fbead88c6
1753419730212,"INFO:     10.200.2.119:40320 - ""GET /health HTTP/1.1"" 200 OK",mcp-server-app/dev-mcp-server-app-container/63f9d62edbe04a58afa33f948bde9fdc
1753419746225,"{""client_addr"":""10.200.2.119:51672"",""level"":""info"",""msg"":""Received request."",""req_id"":35,""req_method"":""GET"",""req_path"":""/health"",""time"":""2025-07-25T05:02:26Z""}",opa-server-logs/dev-opa-server-container/0c1ca2e89a2c46d6a02b0c7fbead88c6
1753419746225,"{""client_addr"":""10.200.2.119:51672"",""level"":""info"",""msg"":""Sent response."",""req_id"":35,""req_method"":""GET"",""req_path"":""/health"",""resp_bytes"":3,""resp_duration"":0.276936,""resp_status"":200,""time"":""2025-07-25T05:02:26Z""}",opa-server-logs/dev-opa-server-container/0c1ca2e89a2c46d6a02b0c7fbead88c6
1753419753124,"INFO:     10.200.2.119:54016 - ""GET /health HTTP/1.1"" 200 OK",mcp-snowflake-app/dev-mcp-snowflake-app-container/2b8fca16bbaa4210a03011338af89101
1753419758736,"INFO:     10.200.1.12:61038 - ""GET /health HTTP/1.1"" 200 OK",mcp-server-app/dev-mcp-server-app-container/63f9d62edbe04a58afa33f948bde9fdc